名前,糖質,タンパク質,脂質,ビタミン,ミネラル,ライネンの契約をしている,ワードブレスを飲んでいる,死んでいる,x,y,z,yRot,会話可能,会話スクリプト,機能解禁,機能種別,メニュー表示
シカクマン,0.000000,0.000000,0.000000,0.000000,0.000000,○,○,○,-205.000000,106.500000,195.000000,0.000000,,,○,倉庫,
ダイケイマン,0.000000,0.000000,0.000000,0.000000,0.000000,,,,1.000000,4.000000,7.000000,0.000000,,,○,クラフト,
サンカクマン,11.000000,22.000000,33.000000,44.000000,55.000000,,,,-206.000000,106.500000,195.000000,1.570000,,res\\script\\origin\\talkFinishQuest8.csv,○,倉庫,
